music_c,link_c
상어가족 - 아기상어 ,https://youtu.be/761ae_KDg_Q
뽀로로  - 노는 게 제일 좋아,https://youtu.be/E0W5sJZ2d64
꼬마버스 타요 오프닝,https://youtu.be/tVU53nGuPGw
카드캡터체리 오프닝송,https://youtu.be/QsGZFva3eQ8
상어 세 마리 - 아빠 엄마 아기 상어,https://youtu.be/lz4E1tQ3aYs
할아버지의 낡은 시계,https://youtu.be/mEehovRSNBM
호키포키,https://youtu.be/Wd-2uAj5Zrk
꼭꼭 약속해,https://youtu.be/usGvScYfqbs
악어 떼,https://youtu.be/h9ELfkxi7kY
멋쟁이 토마토,https://youtu.be/BOHm1s_9t-o
우리 모두 다 같이,https://youtu.be/fqiB_CEoA_I
신비강림송,https://youtu.be/xtiQRRICL8U
엉덩이송,https://youtu.be/8JmezwQNAUU
요괴메카드 오프닝,https://youtu.be/U9Ws89Uy4hk
요괴메카드 엔딩,https://youtu.be/H5rQOoPHYBg
소피루비 Only One,https://youtu.be/SpSq6ANUoVg
소피루비 빠졌어,https://youtu.be/f0dlQkpUgks
소피루비 트윙클,https://youtu.be/zAqJjZvrfT4
시크릿 쥬쥬 - 시크릿 플라워 '봄봄봄',https://youtu.be/zHD5gN9q-8s
시크릿 쥬쥬 - GO!GO!,https://youtu.be/At6ew4QcalU
뽀로로와 노래해요 1기 - 바라밤,https://youtu.be/DBMZ_rk3EzA
공룡메카드 엔딩,https://youtu.be/WYh13B59VBE
공룡메카드 오프닝,https://youtu.be/6bFzk152_pE
헬로카봇 쿵 엔딩,https://youtu.be/J-zRSMGYZrw
헬로카봇 쿵 오프닝,https://youtu.be/NGgWosi99og
터닝메카드W  오프닝,https://youtu.be/IdfO5UBrne4
고고다이노 오프닝,https://youtu.be/RNWZ6sfBBpY
프리파라 오프닝,https://youtu.be/_WRgKiw9VV0
또봇 탐험대 태권전사K 오프닝,https://youtu.be/_1ysUlV4p_0
코코몽 시즌3 엔딩,https://youtu.be/vwukh1Gvw9U
Frozen(겨울왕국) - Let It Go,https://youtu.be/4UDMG6cwY5o
두다다쿵(Duda & Dada) 타이틀,https://youtu.be/OnKAYS5VbGU
놀이터 구조대 뽀잉 오프닝,https://youtu.be/IdjcGAarS4c
최강전사 미니특공대 오프닝,https://youtu.be/Tux_zI5JKw4
헬로카봇 엔지니어 크루송,https://youtu.be/7abTBSDdN4Y
